Month,2023 TMAX,2024 TMAX,2023 TMIN,2024 TMIN,2023 PRCP,2024 PRCP,2023 TAVG,2024 TAVG
1,16.192105263157895,11.366666666666667,4.054912280701754,-0.7224561403508772,182.63333333333333,197.15964912280705,10.123859649122808,5.322105263157895
2,18.63315789473684,18.044310344827583,6.553684210526316,3.662068965517242,127.91754385964911,118.88448275862068,12.592631578947367,10.853103448275862
3,20.891186440677966,20.213392857142857,6.863898305084745,7.218928571428571,155.42033898305084,176.90892857142856,13.877966101694916,13.716071428571428
4,23.30883333333333,23.77078947368421,10.006166666666669,10.764736842105265,138.89333333333337,100.8315789473684,16.657833333333333,17.268684210526317
5,26.73125,29.676047303826845,14.761964285714283,18.206562383864732,97.31964285714284,152.89370131262328,20.74767857142857,23.941304843845792
6,30.293090909090907,33.0311275590445,18.30836363636364,20.56982750737071,130.14909090909092,78.49866257230678,24.30109090909091,26.800477533207605
7,32.520192307692305,33.22319086414787,21.31192307692308,22.781860431354808,150.70576923076922,142.79323456949487,26.915192307692305,28.002525647751337
