Month,2023 TMAX,2024 TMAX,2023 TMIN,2024 TMIN,2023 PRCP,2024 PRCP,2023 TAVG,2024 TAVG
1,11.707411764705885,12.499466666666669,-1.8263529411764707,-1.3302666666666667,63.457647058823525,37.91333333333333,4.940705882352941,5.584533333333334
2,13.309156626506024,15.758876404494382,-1.9595180722891568,0.9334831460674156,35.109638554216865,51.64157303370787,5.674578313253012,8.345955056179776
3,16.35158536585366,17.27785714285714,1.8529268292682928,2.5058333333333334,52.9780487804878,45.35595238095238,9.102317073170733,9.891904761904762
4,24.84320987654321,22.795416666666668,5.076790123456791,5.278958333333333,0.345679012345679,19.20833333333333,14.96148148148148,14.037916666666668
5,28.776627906976746,30.77352409686589,10.20139534883721,12.604650494442916,11.872093023255816,0.4025168937708565,19.489186046511627,21.689087295654407
6,32.20843373493976,37.98127703566813,12.675060240963855,20.600517228300568,1.380722891566265,13.740222065301834,22.44277108433735,29.290897131984348
7,38.69474358974359,39.50582064465903,20.47102564102564,23.578884682121902,19.135897435897437,24.927237247294173,29.583076923076923,31.542352663390464
