Month,2023 TMAX,2024 TMAX,2023 TMIN,2024 TMIN,2023 PRCP,2024 PRCP,2023 TAVG,2024 TAVG
1,13.065,6.824181818181818,1.7153125,-3.7256363636363634,150.040625,197.86,7.39015625,1.549090909090909
2,13.945079365079364,17.015967741935484,2.652539682539682,3.554032258064516,136.70000000000002,63.332258064516125,8.29904761904762,10.285483870967743
3,17.142096774193547,18.95293103448276,4.862096774193549,6.001379310344827,220.83064516129036,129.88275862068966,11.00241935483871,12.477586206896552
4,21.97238805970149,22.86212765957447,8.86462686567164,10.819148936170214,127.80746268656716,123.55531914893618,15.419104477611938,16.840212765957446
5,27.065161290322585,28.258093543392025,14.857741935483872,17.832733914441985,100.15645161290324,129.72379289994805,20.961451612903225,23.045413728917005
6,31.161538461538463,32.4137859876985,18.707384615384616,20.49081570496577,98.11384615384615,71.55506592817144,24.93476923076923,26.452300846332136
7,32.74476923076923,32.32755112686129,21.57523076923077,21.77921660504997,127.0723076923077,111.209993601356,27.15984615384616,27.05338386595563
