Month,2024 TMAX,2025 TMAX,5AVG TMAX,2024 TMIN,2025 TMIN,5AVG TMIN,2024 PRCP,2025 PRCP,5AVG PRCP,2024 TAVG,2025 TAVG,5AVG TAVG
1,1.8611569465297508,1.4458713270137638,3.8647681989202485,-6.982078015135893,-9.755434541880733,-6.015404378656875,102.2660025356928,45.731185110491815,78.50176911737353,-2.5604918446305387,-4.154884657885811,-1.0752614489566568
2,11.174217927649055,4.424344115076625,6.146171771550777,-1.934589459925588,-7.27005000566887,-5.905088910920704,40.20836490004101,63.20173141345146,65.68131250824572,4.619712478201481,-1.4228831599690561,0.12059251406245787
3,13.411479637262353,15.935836592495715,12.604081566120787,0.38381438753938873,1.3154435409233942,0.07698802106245729,79.70313469191181,61.28453235887567,92.7521381482498,6.897721266826549,8.625702339912728,6.340609286084891
4,18.788472306767744,20.13424913749866,17.234903924023964,6.059310476292621,6.783460127538826,4.089028667945337,117.14655948970913,89.6317922440961,93.4681953841563,12.42442189684639,13.458854632518744,10.662639699258198
