Month,2023 TMAX,2024 TMAX,2023 TMIN,2024 TMIN,2023 PRCP,2024 PRCP,2023 TAVG,2024 TAVG
1,12.815733333333332,14.488947368421051,2.9048,4.469144736842106,242.846,106.08092105263158,7.860133333333334,9.47875
2,14.032866666666663,14.7502,1.5578666666666667,4.695,89.30866666666667,177.06066666666666,7.794933333333334,9.722266666666666
3,13.969668874172186,16.86842105263158,3.693377483443709,5.542302631578947,206.6072847682119,104.1078947368421,8.831788079470199,11.205526315789474
4,20.982617449664428,20.71297619047619,6.611208053691276,6.8013095238095245,8.257046979865772,32.74761904761905,13.79751677852349,13.756666666666666
5,23.199066666666667,24.43325886239228,10.1312,10.641507209313314,22.628666666666668,9.944216941950982,16.665533333333332,17.5373830358528
6,25.78993333333333,29.499216013493896,12.135866666666669,14.456929114045597,6.542,1.2504932652248766,18.9636,21.978072563769743
7,33.139746835443034,32.952769674727065,16.16006329113924,17.230203279991315,0.4151898734177214,0.4110158835784537,24.6496835443038,25.09148647735919
