Month,2024 TMAX,2025 TMAX,5AVG TMAX,2024 TMIN,2025 TMIN,5AVG TMIN,2024 PRCP,2025 PRCP,5AVG PRCP,2024 TAVG,2025 TAVG,5AVG TAVG
1,2.976986301369863,1.1251063829787231,3.458598476557134,-11.155821917808218,-14.39340425531915,-11.245175623931312,20.78150684931507,15.053900709219857,19.764679416976904,-4.089657534246576,-6.633971631205673,-3.8934424311903526
2,7.587266666666666,7.22986111111111,4.504026231135594,-7.482600000000001,-8.891805555555557,-11.095272130745396,34.19066666666667,17.995833333333334,23.815223915475986,0.0526666666666666,-0.8309027777777778,-3.2958837955471396
3,10.229324324324324,13.456436781609195,9.460503950508315,-4.996621621621622,-3.4833333333333334,-5.954651746594401,47.96418918918919,24.047126436781607,38.72046494816848,2.616418918918919,4.9865517241379305,1.7531110086593915
