Month,2023 TMAX,2024 TMAX,2023 TMIN,2024 TMIN,2023 PRCP,2024 PRCP,2023 TAVG,2024 TAVG
1,1.7055263157894738,2.974206896551724,-11.176907894736845,-11.161517241379311,34.49144736842105,20.746206896551723,-4.735855263157895,-4.093931034482758
2,3.7732666666666663,7.586644295302014,-12.3018,-7.494026845637583,19.02133333333333,34.19530201342282,-4.2645333333333335,0.0466442953020134
3,6.519337748344371,10.222585034013605,-8.225761589403973,-5.010068027210885,34.78874172185431,47.98707482993198,-0.8531788079470197,2.606326530612245
4,13.810872483221477,15.952391304347826,-3.202751677852349,-0.6189130434782608,31.32013422818792,36.60326086956522,5.304295302013423,7.666847826086957
5,20.532013422818792,21.118820541080524,4.695637583892617,3.380623530916052,71.01744966442953,23.61289427057504,12.614026845637584,12.249722035998287
6,23.75081081081081,30.48263329064208,7.535675675675676,11.277272998466485,68.41283783783784,25.58558224512771,15.644054054054056,20.879953144554285
7,30.08735099337748,31.102256942528243,11.795165562913906,12.193298949188655,38.34569536423841,29.189981232340063,20.941059602649005,21.64777794585845
