Month,2023 TMAX,2024 TMAX,2023 TMIN,2024 TMIN,2023 PRCP,2024 PRCP,2023 TAVG,2024 TAVG
1,5.904444444444445,2.805,-1.95,-5.186999999999999,160.08888888888887,206.29,1.9766666666666663,-1.1909999999999998
2,5.787777777777778,5.197,-5.2588888888888885,-5.313000000000001,39.21111111111111,54.07000000000001,0.2655555555555555,-0.059
3,8.04,9.884,-2.12875,-0.42,105.975,229.04,2.955,4.732
4,16.463636363636365,14.33111111111111,3.667272727272728,2.5066666666666664,113.10909090909092,119.04444444444444,10.065454545454545,8.421111111111111
5,20.453,23.3684388689765,6.119,10.97015133412983,87.11,118.61517777777776,13.286,17.169295101553168
6,23.84,28.69462962962963,12.523,15.06417695473251,80.21000000000001,81.00906666666666,18.18,21.87940329218107
7,28.535000000000004,30.004878534448427,18.029,19.308861011549183,319.41,113.99096666666668,23.282,24.656869772998803
