Month,2023 TMAX,2024 TMAX,2023 TMIN,2024 TMIN,2023 PRCP,2024 PRCP,2023 TAVG,2024 TAVG
1,10.025,6.5725,1.7675,-1.4225,67.25,162.125,5.895,2.575
2,11.146666666666668,8.8625,0.5733333333333334,-0.4725,51.76666666666667,48.15,5.859999999999999,4.195
3,11.99,13.5725,1.98,3.84,46.5,173.125,6.9825,8.7025
5,21.4925,24.758661887694146,10.57,12.96774193548387,23.625,58.25066666666667,16.0275,18.86320191158901
6,25.506666666666664,31.05185185185185,15.146666666666668,17.240123456790123,162.86666666666667,80.68733333333333,20.326666666666668,24.14598765432099
7,29.76333333333333,31.952807646356035,20.793333333333333,20.88410991636798,128.26666666666668,154.51666666666665,25.28,26.41845878136201
