Month,2023 TMAX,2024 TMAX,2023 TMIN,2024 TMIN,2023 PRCP,2024 PRCP,2023 TAVG,2024 TAVG
1,24.34555555555556,22.136461538461536,12.144126984126984,11.736153846153847,27.626984126984127,76.3323076923077,18.24460317460317,16.936153846153843
2,26.6658064516129,22.91597014925373,14.745,11.200746268656715,44.89354838709678,77.57761194029851,20.70483870967742,17.058208955223883
3,27.65126984126984,26.503278688524592,15.597936507936508,15.923934426229508,42.41269841269841,87.35409836065574,21.624126984126985,21.21377049180328
4,29.06523076923077,27.66577777777778,18.557076923076924,16.62088888888889,143.67076923076922,43.76444444444444,23.812,22.144
5,30.21984375,32.342986474079595,19.45484375,21.844338284282564,109.7515625,75.79003255347523,24.83671875,27.09366237918108
6,32.31939393939394,33.29326478709454,22.38969696969697,23.7147984911014,206.63333333333333,187.17506820954523,27.354848484848485,28.504031639097967
7,33.85793650793651,33.88690426431243,24.43634920634921,25.012118724668667,173.9174603174603,140.34967993517736,29.148253968253968,29.449511494490547
