Month,2024 TMAX,2025 TMAX,5AVG TMAX,2024 TMIN,2025 TMIN,5AVG TMIN,2024 PRCP,2025 PRCP,5AVG PRCP,2024 TAVG,2025 TAVG,5AVG TAVG
1,22.136461538461536,19.66348484848485,22.780137324973413,11.736153846153847,8.193181818181818,11.379649231212337,76.3323076923077,57.20151515151515,43.34258106611131,16.936153846153843,13.928484848484848,17.080069997341365
2,22.91597014925373,25.668000000000003,24.735231099884537,11.200746268656715,14.74246153846154,13.170125785396399,77.57761194029851,49.08461538461538,65.12802385380708,17.058208955223883,20.205076923076923,18.95214481698059
3,26.503278688524592,26.003703703703703,27.160813439413193,15.923934426229508,13.293703703703704,15.657393471300292,87.35409836065574,52.1037037037037,54.148391927196386,21.21377049180328,19.649259259259257,21.409100008945227
