Month,2023 TMAX,2024 TMAX,2023 TMIN,2024 TMIN,2023 PRCP,2024 PRCP,2023 TAVG,2024 TAVG
1,15.944509803921568,12.880392156862746,3.132941176470588,-0.2945098039215685,190.67058823529413,173.67254901960783,9.539019607843136,6.293333333333333
2,19.44245283018868,17.493529411764705,6.678867924528302,2.949019607843137,101.05283018867924,106.16078431372549,13.06056603773585,10.222156862745098
3,20.785740740740746,20.4336,6.447777777777778,7.0714,123.26296296296296,175.648,13.617407407407407,13.7526
4,23.777735849056604,24.3125,9.69,10.384722222222225,139.79999999999998,90.61388888888888,16.734905660377358,17.348888888888887
5,25.744528301886792,29.500030064787,14.1088679245283,17.319681150142184,86.28867924528302,106.24088521790368,19.92735849056604,23.40985560746459
6,29.08313725490196,33.43863303369575,17.328235294117647,20.25225878708004,153.32745098039214,30.80273660874808,23.20686274509804,26.845445910387895
7,32.477254901960784,33.531277881816976,20.958431372549025,22.622837405232836,113.92156862745098,171.78090257686975,26.718039215686275,28.077057643524903
