Month,2023 TMAX,2024 TMAX,2023 TMIN,2024 TMIN,2023 PRCP,2024 PRCP,2023 TAVG,2024 TAVG
1,-0.2688235294117647,1.065606060606061,-9.0675,-7.9725757575757585,36.8485294117647,47.7969696969697,-4.667941176470588,-3.453636363636364
2,0.5964705882352941,4.813823529411764,-11.405882352941177,-4.32,26.22647058823529,60.71029411764706,-5.4051470588235295,0.2470588235294117
3,3.526617647058824,8.180289855072465,-7.395735294117648,-4.211884057971014,52.80882352941177,54.43333333333334,-1.934264705882353,1.985072463768116
4,11.2978125,14.534545454545452,-2.20609375,-0.1451515151515151,28.5265625,35.724242424242426,4.54671875,7.194545454545454
5,22.030895522388057,19.430953126579464,6.254925373134328,2.855747822600262,45.3820895522388,27.95248813833001,14.143283582089552,11.143350474589862
6,23.41957746478873,27.45336186865935,8.26112676056338,8.377048285147065,41.57746478873239,13.53166109839817,15.84112676056338,17.915205076903206
7,31.548695652173915,33.00291958983551,11.42086956521739,12.711782228745394,4.384057971014493,5.9231335839599,21.48521739130435,22.857350909290453
