Month,2023 TMAX,2024 TMAX,2023 TMIN,2024 TMIN,2023 PRCP,2024 PRCP,2023 TAVG,2024 TAVG
1,4.438117647058824,-0.282,-3.056352941176471,-6.891294117647059,66.17411764705882,105.73294117647058,0.6910588235294118,-3.586705882352941
2,7.2760674157303376,10.841494252873565,-4.471797752808989,-2.354597701149425,77.0685393258427,12.350574712643676,1.4021348314606743,4.243333333333333
3,9.400459770114942,13.735795454545457,-0.9732183908045976,1.4577272727272728,101.816091954023,78.825,4.213908045977012,7.596818181818182
4,18.695555555555558,18.119594594594595,4.272666666666667,6.331351351351351,65.2388888888889,153.61216216216215,11.485555555555557,12.226081081081082
5,24.24584269662921,25.96857002171984,10.73123595505618,13.797035531846056,61.83033707865168,103.89667785011405,17.488651685393258,19.882802776782945
6,28.761022727272724,30.15627384455825,14.760113636363638,18.19262879747935,48.70227272727273,66.14451219133366,21.76125,24.1744513210188
7,29.741444444444443,29.223834479400583,17.946666666666665,18.295284331904316,132.58666666666664,139.9482175871414,23.84433333333333,23.75955940565245
