Month,2023 TMAX,2024 TMAX,2023 TMIN,2024 TMIN,2023 PRCP,2024 PRCP,2023 TAVG,2024 TAVG
1,5.733823529411764,0.5538805970149253,-1.5520588235294115,-5.969402985074627,81.95882352941176,126.00447761194027,2.091176470588235,-2.707462686567164
2,9.071714285714286,9.978591549295777,-3.259,-2.3884507042253524,85.70285714285714,27.66760563380282,2.9068571428571426,3.794788732394366
3,9.952835820895524,13.728904109589042,-0.8807462686567163,1.5473972602739725,145.79850746268656,69.6109589041096,4.536716417910448,7.638630136986301
4,18.35411764705882,18.47127659574468,4.261764705882353,6.768297872340426,70.78088235294118,169.79148936170213,11.308823529411764,12.619787234042551
5,23.335151515151512,26.038854284865742,9.801666666666666,13.045559903114349,67.48484848484848,104.62193630955916,16.568181818181817,19.542207093990047
6,27.304626865671644,29.611684583370916,14.006567164179105,16.70634684283504,68.32985074626866,57.85131799215024,20.656567164179105,23.159015713102978
7,29.256617647058825,28.87472947638061,17.53705882352941,16.963143912785085,129.79117647058823,98.74379109558988,23.396617647058825,22.91893669458285
