Month,2023 TMAX,2024 TMAX,2023 TMIN,2024 TMIN,2023 PRCP,2024 PRCP,2023 TAVG,2024 TAVG
1,-0.4676842105263158,-3.402258064516129,-8.730842105263157,-10.379354838709675,51.17894736842105,47.01182795698925,-4.598947368421053,-6.890645161290324
2,2.3400000000000003,9.355263157894736,-9.799583333333333,-4.864631578947368,59.32291666666666,5.587368421052632,-3.7290625,2.2449473684210526
3,5.932551020408163,11.324105263157897,-4.521020408163265,-2.491578947368421,38.44285714285714,68.05473684210526,0.7059183673469387,4.415894736842105
4,16.697934782608694,16.605890410958903,2.0589130434782605,3.5384931506849315,55.0608695652174,111.9849315068493,9.379130434782608,10.072328767123288
5,24.123978494623657,24.32909991057762,9.880752688172045,11.159762419384142,72.75376344086023,116.50174684384308,17.002688172043012,17.744431164980885
6,28.716404494382022,29.197109081334524,14.895842696629211,17.321111504122722,72.02808988764045,76.71818566158794,21.806853932584268,23.259110292728625
7,28.520000000000003,28.35109513763784,15.99956989247312,17.46800818834833,82.3516129032258,94.11208873517695,22.26,22.90955166299308
