Month,2024 TMAX,2025 TMAX,5AVG TMAX,2024 TMIN,2025 TMIN,5AVG TMIN,2024 PRCP,2025 PRCP,5AVG PRCP,2024 TAVG,2025 TAVG,5AVG TAVG
1,-3.402258064516129,-1.6277659574468084,-1.7490136748492162,-10.379354838709675,-13.768936170212765,-10.861090415622098,47.01182795698925,7.077659574468084,37.26657108167477,-6.890645161290324,-7.698510638297872,-6.305035576441395
2,9.355263157894736,-0.9370103092783504,1.3170393778834255,-4.864631578947368,-12.53463917525773,-10.787363337709355,5.587368421052632,11.005154639175258,21.17720355306529,2.2449473684210526,-6.735670103092784,-4.7352520447330075
3,11.287835051546391,13.11076923076923,9.235648875327946,-2.503092783505154,-2.0144615384615383,-2.4653522876385487,67.75773195876289,65.58,63.88340255039118,4.392268041237114,5.548,3.3853571222992116
