Month,2023 TMAX,2024 TMAX,2023 TMIN,2024 TMIN,2023 PRCP,2024 PRCP,2023 TAVG,2024 TAVG
1,6.796442307692308,1.3742424242424245,-5.6835576923076925,-9.037676767676768,29.741346153846152,39.690909090909095,0.5567307692307693,-3.8312121212121215
2,9.65126213592233,14.422079207920794,-6.636504854368932,-1.9110891089108912,33.69126213592233,26.628712871287128,1.507378640776699,6.255544554455445
3,12.461372549019607,16.179081632653062,-1.7369607843137254,-0.0789795918367347,18.36078431372549,28.455102040816325,5.362254901960784,8.050408163265306
4,21.12351851851852,21.974,3.608055555555556,6.117538461538461,36.74629629629629,79.76615384615386,12.366111111111111,14.046
5,25.68716814159292,26.724023740490725,11.79150442477876,12.18581769163264,95.6283185840708,89.24172964364388,18.739115044247782,19.45492071606169
6,29.851869158878504,33.09857220885434,16.362990654205607,18.992575126595952,94.81869158878504,97.73350239238523,23.10785046728972,26.045573667725147
7,32.564867256637164,33.76767927733023,18.98796460176991,19.123689445680363,113.7283185840708,73.52656920590012,25.776460176991147,26.445684361505297
