Month,2023 TMAX,2024 TMAX,2023 TMIN,2024 TMIN,2023 PRCP,2024 PRCP,2023 TAVG,2024 TAVG
1,10.895333333333332,4.761860465116279,0.3971111111111111,-4.416046511627908,139.61111111111111,149.41162790697675,5.646222222222223,0.1732558139534883
2,13.35,14.033777777777775,0.5825531914893617,-0.3286666666666666,105.59787234042554,87.86444444444444,6.965531914893617,6.852666666666667
3,14.717173913043478,16.75931818181818,1.2206521739130434,2.6047727272727275,125.51521739130436,72.425,7.969565217391305,9.682272727272728
4,21.25177777777778,21.523636363636363,5.670444444444445,7.828787878787879,89.54666666666667,115.34545454545454,13.461333333333332,14.677272727272728
5,23.796341463414635,26.574378536385087,10.86560975609756,14.556823714697895,89.36341463414634,128.53831152042082,17.33073170731707,20.56560112554149
6,27.49538461538461,30.509900318179568,14.459487179487178,17.376883561786528,107.98461538461538,54.64777031888706,20.97897435897436,23.943391939983044
7,30.26292682926829,31.25376947814734,19.05780487804878,19.3548031322022,151.7439024390244,92.05133206369952,24.66170731707317,25.30428630517477
