Month,2024 TMAX,2025 TMAX,5AVG TMAX,2024 TMIN,2025 TMIN,5AVG TMIN,2024 PRCP,2025 PRCP,5AVG PRCP,2024 TAVG,2025 TAVG,5AVG TAVG
1,4.761860465116279,3.285897435897436,7.19665293317601,-4.416046511627907,-7.8189743589743586,-2.652025050643457,149.41162790697675,103.25384615384615,128.16207480852754,0.1732558139534883,-2.266923076923077,2.27245086091763
2,14.033777777777775,9.46642857142857,10.05813671971979,-0.3286666666666666,-2.876190476190476,-1.9314016248013472,87.86444444444444,197.2404761904762,122.87704849893657,6.852666666666667,3.2952380952380955,4.063476726203183
3,16.75931818181818,17.671481481481482,16.2288744873484,2.6047727272727275,2.032962962962963,2.449753783655958,72.425,99.03333333333332,125.18735758082498,9.682272727272728,9.852222222222222,9.339309896625114
