Month,2023 TMAX,2024 TMAX,2023 TMIN,2024 TMIN,2023 PRCP,2024 PRCP,2023 TAVG,2024 TAVG
1,18.822285714285712,14.223030303030304,7.574857142857143,2.0784848484848486,182.1314285714286,256.5030303030303,13.198,8.15030303030303
2,19.93470588235294,20.17147058823529,8.87794117647059,7.81529411764706,91.22058823529412,85.79117647058824,14.406176470588235,13.993529411764705
3,23.333939393939392,21.954375,11.582727272727274,10.79875,78.21818181818182,145.34375,17.459090909090907,16.3775
4,24.4015625,26.01181818181818,13.62375,14.483181818181816,168.05625,226.21818181818185,19.0125,20.248181818181816
5,29.453636363636363,30.05704642014565,18.42727272727273,21.82420717092301,84.83636363636363,144.4902505195047,23.940303030303028,25.940626795534328
6,33.56625,32.81673310953561,22.3590625,23.546236852028255,88.884375,88.04750118801907,27.963125,28.18148498078193
7,35.05882352941177,32.949988631286146,23.890882352941176,24.715635475184712,89.42647058823529,153.92626822883784,29.475,28.83281205323543
