Month,2024 TMAX,2025 TMAX,5AVG TMAX,2024 TMIN,2025 TMIN,5AVG TMIN,2024 PRCP,2025 PRCP,5AVG PRCP,2024 TAVG,2025 TAVG,5AVG TAVG
1,14.223030303030304,13.08551724137931,16.20544550547492,2.0784848484848486,1.5458620689655171,4.549026346202817,256.5030303030303,121.9793103448276,158.65216959511076,8.15030303030303,7.31551724137931,10.376767213178978
2,20.17147058823529,18.73033333333333,17.623810327958935,7.81529411764706,7.036666666666666,5.920929764250198,85.79117647058824,129.22333333333333,101.63696989800704,13.993529411764705,12.883666666666668,11.772327912026054
3,21.97939393939394,23.65083333333333,22.806735092864127,10.774848484848484,10.359166666666669,11.084963831867057,145.53939393939393,118.8125,124.56504398826978,16.37787878787879,17.00583333333333,16.946344086021504
4,26.0809375,27.31352679906172,25.004652146464647,14.685,17.406403145100253,13.405804822417727,205.76875,70.69136643919863,167.25602272727275,20.383125,22.359964972080988,19.20570434180515
5,29.79448275862069,25.893922671417727,28.98736348720801,20.36275862068965,17.270738269955675,18.668895598945916,218.29310344827587,107.45038612858264,176.5542539461836,25.07896551724138,21.5823304706867,23.828732696382225
