Month,2023 TMAX,2024 TMAX,2023 TMIN,2024 TMIN,2023 PRCP,2024 PRCP,2023 TAVG,2024 TAVG
1,0.98975,-1.2048780487804878,-7.580249999999999,-10.029024390243904,148.9475,124.09268292682928,-3.29475,-5.616585365853658
2,-0.4960975609756097,1.7602439024390244,-13.021463414634146,-9.836585365853658,43.58780487804878,25.73658536585366,-6.758048780487805,-4.038536585365854
3,4.597250000000001,5.225121951219512,-5.51375,-3.852439024390244,70.08250000000001,228.11463414634147,-0.4575,0.6865853658536585
4,11.745365853658535,11.229411764705883,0.2763414634146341,-0.5097058823529412,69.58780487804877,87.43235294117646,6.012195121951219,5.360294117647059
5,18.56547619047619,20.40070923231897,4.46,6.67546779464474,136.6261904761905,64.80245555555555,11.512619047619047,13.538088513481856
6,20.947142857142858,25.699741739288307,11.136904761904765,11.493423656499637,168.7404761904762,83.62209166666666,16.04357142857143,18.59658269789397
7,26.76317073170732,28.31938500011713,16.70512195121951,15.48902300466184,151.22926829268292,92.37274444444444,21.73414634146341,21.904204002389488
