Month,2023 TMAX,2024 TMAX,2023 TMIN,2024 TMIN,2023 PRCP,2024 PRCP,2023 TAVG,2024 TAVG
1,9.82,6.29,0.9444444444444444,-2.2988235294117647,57.70555555555556,156.28823529411764,5.383333333333334,1.9952941176470589
2,11.565294117647058,9.85764705882353,-0.2694117647058823,-1.3682352941176472,56.88235294117647,60.6764705882353,5.648235294117647,4.245294117647059
3,12.532222222222222,14.319411764705883,0.9655555555555556,2.6770588235294115,53.68888888888889,134.68823529411765,6.749444444444444,8.499411764705883
4,21.322222222222223,18.791,6.781666666666666,6.983,86.9388888888889,109.45,14.053333333333336,12.887
5,22.15833333333333,24.931111739567623,9.233333333333333,14.085947080100306,56.89444444444444,56.09606008403361,15.695555555555554,19.508529409833965
6,26.362105263157893,30.84196726838884,14.278947368421052,18.226570073898507,79.36315789473684,36.16021706887884,20.321578947368423,24.53426867114367
7,30.61529411764706,32.47587954950384,19.71294117647059,21.45270266547939,127.77058823529411,49.47653033649357,25.163529411764703,26.96429110749161
