Month,2023 TMAX,2024 TMAX,2023 TMIN,2024 TMIN,2023 PRCP,2024 PRCP,2023 TAVG,2024 TAVG
1,5.566896551724138,2.810666666666666,-2.166551724137931,-5.218999999999999,177.6206896551724,187.7866666666667,1.7,-1.2043333333333337
2,5.585,5.218999999999999,-5.529411764705882,-5.154,41.98235294117647,38.24333333333333,0.0276470588235294,0.0326666666666666
3,8.032424242424241,9.104193548387098,-2.0054545454545454,-0.3851612903225807,116.15757575757576,225.7387096774193,3.013333333333333,4.359032258064516
4,15.868125,14.27095238095238,3.80375,2.4966666666666666,82.01875,104.33333333333331,9.8359375,8.383333333333335
5,20.703030303030303,21.01023730878253,6.452424242424243,9.280017189073956,90.16666666666669,115.34453349673204,13.578181818181818,15.145127248928246
6,23.4903125,27.02572319051077,12.6646875,14.332319656257566,126.25,65.939977124183,18.0771875,20.679021423384167
7,28.74774193548387,29.39014512615082,18.436774193548384,18.45175272916813,232.6451612903226,62.4100204248366,23.593225806451613,23.920948927659477
