Month,2023 TMAX,2024 TMAX,2023 TMIN,2024 TMIN,2023 PRCP,2024 PRCP,2023 TAVG,2024 TAVG
1,0.7356140350877193,-1.730877192982456,-4.482368421052632,-6.7957017543859655,60.65263157894736,74.10526315789474,-1.873157894736842,-4.263421052631578
2,1.6203571428571428,5.080353982300886,-8.006696428571429,-5.601592920353983,69.17142857142856,18.692920353982306,-3.193035714285714,-0.2608849557522124
3,4.4392035398230085,7.314485981308411,-5.53575221238938,-3.134859813084112,69.76194690265487,67.17009345794392,-0.5484070796460176,2.089252336448598
4,13.006271186440678,13.640697674418604,1.2327966101694916,1.9943023255813952,107.59491525423728,103.51511627906976,7.1201694915254246,7.817558139534883
5,19.628879310344825,22.672065326730667,5.399051724137931,8.527630485156326,48.11810344827586,78.64666637215188,12.514310344827589,15.599847905943497
6,24.71134453781513,26.39755502383733,11.228319327731093,13.438707662238125,55.23781512605042,110.34703460934608,17.97042016806723,19.91813134303773
7,26.268166666666666,27.366858313949745,14.203583333333334,14.96591575160702,120.74416666666666,81.72566603929589,20.23575,21.166387032778385
