Month,2023 TMAX,2024 TMAX,2023 TMIN,2024 TMIN,2023 PRCP,2024 PRCP,2023 TAVG,2024 TAVG
1,-4.7438392857142855,-5.608738738738739,-13.249285714285715,-12.36945945945946,30.31339285714285,13.12072072072072,-8.996339285714287,-8.98963963963964
2,-3.413944954128441,3.4945045045045044,-16.24412844036697,-7.425495495495496,38.055963302752296,12.545045045045043,-9.829174311926607,-1.965405405405405
3,0.4197169811320754,5.4408653846153845,-11.616698113207546,-6.861634615384616,44.47924528301887,36.19711538461539,-5.598018867924528,-0.7098076923076924
4,9.370363636363637,12.70171875,-1.5038181818181815,1.3575,79.92181818181818,92.7953125,3.933727272727273,7.03015625
5,22.099454545454545,21.54871816072026,8.114727272727272,8.530042953525273,57.36090909090909,93.70161461594178,15.106818181818182,15.039380557122763
6,27.07398148148148,25.283255475509552,13.944351851851852,13.345996768179562,60.4287037037037,148.03088785876724,20.5100925925926,19.31462612184456
7,26.589619047619045,27.4669462003331,13.465619047619048,16.145364092281422,57.189523809523806,55.06088103751585,20.027619047619048,21.806155146307265
