Month,2023 TMAX,2024 TMAX,2023 TMIN,2024 TMIN,2023 PRCP,2024 PRCP,2023 TAVG,2024 TAVG
1,16.58,11.148421052631578,4.714230769230769,-0.5773684210526315,188.6307692307692,219.67894736842103,10.647307692307692,5.286842105263158
2,18.23862068965517,18.293636363636363,6.373103448275862,4.484545454545454,134.68275862068967,106.80909090909093,12.306206896551725,11.388636363636364
3,20.8856,20.187142857142856,7.554399999999999,7.675238095238096,156.128,171.73809523809524,14.22,13.93190476190476
4,23.560454545454547,24.55875,11.374545454545457,12.368125,169.67727272727274,152.89375,17.46818181818182,18.463125
5,28.157619047619043,29.79616044170852,15.977619047619047,19.02647284738816,79.83333333333333,76.80636443521219,22.068571428571428,24.41131664454834
6,31.85636363636364,32.79008601241864,19.79954545454545,20.98553712284211,140.07727272727274,55.16507563272864,25.829545454545453,26.887811567630376
7,33.40869565217391,33.21190042577607,22.36434782608696,22.99178846058221,131.8565217391304,86.20756097096768,27.88608695652174,28.101844443179143
