Month,2023 TMAX,2024 TMAX,2023 TMIN,2024 TMIN,2023 PRCP,2024 PRCP,2023 TAVG,2024 TAVG
1,7.576630434782608,1.682247191011236,-2.9070652173913043,-7.137415730337079,64.56521739130434,89.02808988764045,2.3348913043478263,-2.727865168539326
2,10.319333333333333,14.620232558139534,-2.9828888888888887,-0.6795348837209302,73.67,17.960465116279067,3.667777777777778,6.970232558139536
3,11.88842105263158,16.582087912087914,0.2034736842105263,2.57010989010989,120.43789473684213,76.45824175824175,6.045789473684211,9.576153846153844
4,20.686666666666667,20.840571428571423,5.478045977011494,7.800714285714285,40.49195402298851,154.13714285714286,13.08287356321839,14.320714285714288
5,25.394375,26.49035915791756,12.195104166666669,15.268518018691582,78.50104166666667,114.60544243878854,18.79520833333333,20.87943858830457
6,30.12483870967742,31.02719558224176,16.28720430107527,19.734738550686625,51.79139784946237,99.86846051587582,23.207526881720437,25.38096706646419
7,31.82904255319149,30.77001457955339,19.41712765957447,20.190540114809487,110.17340425531914,124.92661448205772,25.623297872340427,25.48027734718144
