Month,2023 TMAX,2024 TMAX,2023 TMIN,2024 TMIN,2023 PRCP,2024 PRCP,2023 TAVG,2024 TAVG
1,0.63296875,-1.5488,-9.579140625,-14.00792,12.1546875,16.276,-4.472890625,-7.7788
2,1.7390769230769232,3.865564516129032,-10.368846153846157,-7.012661290322581,16.60153846153846,27.67983870967742,-4.314769230769231,-1.573467741935484
3,1.2903100775193797,6.567297297297298,-10.30341085271318,-6.216846846846847,25.303875968992248,21.326126126126123,-4.506124031007752,0.1755855855855855
4,11.525546875,15.084126984126984,-2.123125,0.0842857142857143,23.37734375,31.36190476190476,4.70140625,7.5849206349206355
5,22.046507936507936,18.269516798181407,6.874920634920635,2.7139273312522048,65.85714285714286,61.753951856803326,14.460396825396826,10.491722064716804
6,23.691984126984128,24.971711348688476,9.84484126984127,6.420482897165903,96.06507936507936,46.13131888748948,16.768968253968254,15.696097122927188
7,29.471190476190475,31.84605815739592,11.32936507936508,11.993160254482202,19.06984126984127,13.77311452774394,20.40079365079365,21.91960920593906
