Month,2023 TMAX,2024 TMAX,2023 TMIN,2024 TMIN,2023 PRCP,2024 PRCP,2023 TAVG,2024 TAVG
1,0.7159803921568627,-1.4592631578947368,-9.015196078431371,-12.24578947368421,42.188235294117646,20.305263157894736,-4.149117647058823,-6.852736842105263
2,3.58980198019802,10.578229166666668,-9.767920792079208,-4.387395833333334,20.733663366336632,19.6875,-3.0894059405940597,3.095520833333333
3,7.284081632653062,12.372345679012346,-5.671428571428571,-3.385308641975308,17.40612244897959,31.349382716049384,0.8057142857142856,4.49395061728395
4,17.866702127659575,17.859666666666666,0.3093617021276596,2.6315000000000004,18.254255319148932,77.72,9.08936170212766,10.2465
5,24.183298969072165,23.82508326535988,9.52,8.651341968275803,110.96494845360826,126.88543609890546,16.85144329896907,16.23821261681784
6,28.44967032967033,30.7776293745154,14.179560439560438,15.39763929857167,86.94065934065935,89.66089353947442,21.31527472527473,23.08763433654353
7,29.732527472527472,31.224065133361385,16.02923076923077,16.09168535943057,108.75164835164834,79.83069467213934,22.8810989010989,23.657875246395975
