Month,2023 TMAX,2024 TMAX,2023 TMIN,2024 TMIN,2023 PRCP,2024 PRCP,2023 TAVG,2024 TAVG
1,4.172407407407407,7.725849056603774,-6.425555555555556,-4.5664150943396224,57.01111111111111,30.315094339622643,-1.1266666666666667,1.579245283018868
2,6.347586206896552,9.052264150943396,-7.171551724137931,-2.7767924528301884,17.625862068965517,39.66603773584906,-0.4115517241379311,3.137358490566038
3,7.735636363636363,12.393673469387757,-4.312181818181818,-1.352857142857143,49.81636363636364,30.49591836734694,1.7114545454545451,5.520408163265306
4,17.319811320754717,19.024166666666662,0.5635849056603773,2.550555555555556,5.333962264150943,14.966666666666663,8.94245283018868,10.789166666666668
5,22.932413793103446,25.7024711701948,6.559655172413793,6.577472064094455,28.479310344827585,2.0386885792913656,14.746379310344826,16.139971617144624
6,25.50321428571429,34.56857804915339,9.282678571428573,14.251396596975374,25.482142857142858,4.423134330925352,17.393035714285713,24.409987323064374
7,35.048135593220344,38.03331703507662,14.25,17.48290045581837,3.7220338983050847,6.411791812865497,24.64966101694915,27.758108745447498
