Month,2023 TMAX,2024 TMAX,2023 TMIN,2024 TMIN,2023 PRCP,2024 PRCP,2023 TAVG,2024 TAVG
1,8.89,5.01304347826087,0.6469565217391304,-2.888695652173913,108.52608695652174,174.83478260869563,4.768260869565218,1.0634782608695652
2,9.089166666666666,7.66375,-2.36,-2.7929166666666667,39.90416666666667,51.87083333333334,3.3641666666666663,2.4366666666666665
3,10.6148,12.52913043478261,-0.174,2.009130434782609,76.352,206.4608695652174,5.219600000000001,7.27
4,19.21260869565217,16.729444444444443,6.297826086956522,5.213888888888889,135.9217391304348,121.35,12.755652173913044,10.97111111111111
5,21.74730769230769,24.90378543201124,8.315,12.017036249294314,62.56153846153846,68.58065128205128,15.031538461538462,18.460410840652777
6,25.50958333333333,30.70949498032832,13.668333333333337,16.33034459367793,113.925,54.93540842490842,19.589583333333334,23.51991978700312
7,30.274,32.147785070365714,19.5848,19.91133332020429,167.388,95.06667256077256,24.9296,26.029559195285
