Month,2023 TMAX,2024 TMAX,2023 TMIN,2024 TMIN,2023 PRCP,2024 PRCP,2023 TAVG,2024 TAVG
1,2.4083783783783783,-0.2855263157894737,-5.35,-8.021315789473684,134.99729729729728,138.23157894736843,-1.4708108108108109,-4.153684210526316
2,1.4870731707317073,3.0507894736842105,-10.52048780487805,-8.863157894736842,39.80975609756098,21.46315789473684,-4.516341463414634,-2.906315789473684
3,5.038684210526315,6.572162162162162,-4.649473684210527,-3.52027027027027,100.5,199.83243243243243,0.195,1.5256756756756755
4,13.317027027027027,12.725,1.086216216216216,0.3030769230769231,100.32702702702704,92.33076923076922,7.203243243243243,6.514230769230769
5,19.683611111111112,21.356431700517724,4.607222222222223,7.4257865392274,105.73333333333332,71.40504444444444,12.14472222222222,14.391109119872562
6,22.28162162162162,26.12956790123457,11.46972972972973,11.40738683127572,164.40540540540542,86.12857777777776,16.87702702702703,18.768477366255144
7,27.255384615384617,28.82270011947432,16.224102564102566,15.368538430904024,234.75384615384613,108.6358,21.74051282051282,22.09561927518917
