Month,2023 TMAX,2024 TMAX,2023 TMIN,2024 TMIN,2023 PRCP,2024 PRCP,2023 TAVG,2024 TAVG
1,3.248705882352941,0.7155813953488372,-3.3310588235294114,-5.47406976744186,106.92,124.61279069767444,-0.0415294117647058,-2.378953488372093
2,4.224941176470589,4.764390243902439,-7.102352941176471,-5.592560975609755,54.74352941176471,35.91829268292683,-1.4391764705882353,-0.4142682926829268
3,5.381785714285714,8.498518518518518,-3.990952380952381,-1.7554320987654322,86.98690476190475,109.19382716049384,0.6954761904761905,3.371851851851852
4,15.927674418604653,13.509047619047616,2.5019767441860465,2.4604761904761903,94.24186046511628,112.9015873015873,9.215232558139537,7.985555555555556
5,19.427073170731703,23.28787128836098,4.969878048780488,10.498621478189964,63.03170731707318,91.17133875624592,12.198048780487804,16.89324638327547
6,23.194512195121952,27.501256303545187,11.868170731707318,14.592549904803102,93.39268292682928,101.47374577771598,17.532195121951222,21.046903104174145
7,27.28548780487805,29.403428333021026,16.25,17.39056431357992,152.1219512195122,89.07227347515759,21.76756097560976,23.396996323300478
