Month,2023 TMAX,2024 TMAX,2023 TMIN,2024 TMIN,2023 PRCP,2024 PRCP,2023 TAVG,2024 TAVG
1,8.911688311688312,8.835277777777778,-6.030909090909091,-5.901527777777778,18.696103896103896,18.70694444444445,1.4407792207792207,1.466388888888889
2,11.166842105263155,13.215833333333332,-5.545526315789473,-2.8448611111111117,13.659210526315787,19.275,2.8107894736842107,5.1866666666666665
3,14.535394736842106,15.1672972972973,-1.5189473684210526,-0.4925675675675676,18.818421052631574,21.114864864864863,6.508421052631578,7.336756756756756
4,21.016944444444444,22.27967741935484,1.266111111111111,3.382903225806452,2.786111111111111,6.361290322580645,11.142083333333334,12.831290322580644
5,25.90779220779221,28.299101754981127,7.965324675324676,8.738771034830854,38.16883116883117,12.580974765132694,16.936103896103894,18.51893639490599
6,29.946575342465756,34.29734546589592,11.253013698630138,16.192631473346673,29.954794520547942,39.145741256508494,20.59972602739726,25.24498846962129
7,35.07592105263158,33.92817585043392,16.376184210526315,16.487057558464368,21.15394736842105,42.52452131461131,25.72605263157895,25.20761670444914
