Month,2023 TMAX,2024 TMAX,2023 TMIN,2024 TMIN,2023 PRCP,2024 PRCP,2023 TAVG,2024 TAVG
1,-5.984400000000001,-6.788545454545455,-15.1546,-15.436545454545454,4.79,4.810909090909092,-10.57,-11.113636363636363
2,-3.8720833333333338,2.364615384615385,-16.000208333333333,-8.237115384615384,7.962499999999999,10.984615384615385,-9.936041666666666,-2.936153846153846
3,-4.423076923076923,2.286862745098039,-15.981346153846154,-9.858235294117646,31.898076923076925,17.566666666666666,-10.202307692307691,-3.786666666666666
4,6.954259259259259,13.013809523809524,-4.086666666666667,-0.4914285714285714,23.062962962962963,45.67619047619048,1.4342592592592591,6.261904761904762
5,22.975471698113207,19.987241488451676,8.197735849056604,6.200889809860187,71.5056603773585,63.28176400204889,15.58622641509434,13.09406564915593
6,27.48388888888889,24.111157774233792,14.144444444444444,10.611260148004677,96.15555555555557,75.03414996909093,20.814814814814813,17.361208961119235
7,26.81462962962963,28.72621681371944,12.503148148148147,15.273571014989724,38.00925925925926,32.010734824971856,19.659259259259255,21.999893914354583
