Month,2023 TMAX,2024 TMAX,2023 TMIN,2024 TMIN,2023 PRCP,2024 PRCP,2023 TAVG,2024 TAVG
1,13.389491525423727,10.778362068965516,1.6589830508474577,-1.395603448275862,119.94491525423727,158.04224137931035,7.524491525423729,4.6912931034482765
2,16.051803278688524,14.357327586206896,3.89844262295082,0.8946551724137931,91.42868852459016,50.36379310344827,9.975409836065571,7.6256896551724145
3,17.278559322033896,18.012118644067794,3.734576271186441,4.88228813559322,82.48050847457628,150.97203389830509,10.507118644067797,11.447203389830507
4,21.90579365079365,21.8641975308642,8.111587301587301,8.860617283950617,149.75079365079364,64.82222222222222,15.009285714285715,15.362839506172842
5,23.116341463414635,27.762077584051774,11.72040650406504,15.906970972095378,88.09430894308943,101.85048798126938,17.41829268292683,21.834524278073573
6,26.719672131147544,31.47874606025687,15.204754098360656,18.928929354082864,125.5122950819672,27.57753048978825,20.96295081967213,25.203837707169864
7,30.72959349593496,32.377586685936585,19.90211382113821,21.92943802538264,122.99918699186992,174.05491103748258,25.316178861788615,27.15351235565961
