Month,2023 TMAX,2024 TMAX,2023 TMIN,2024 TMIN,2023 PRCP,2024 PRCP,2023 TAVG,2024 TAVG
1,6.2444444444444445,1.7019672131147543,-1.378888888888889,-4.965081967213115,108.53650793650796,120.07868852459016,2.4326984126984126,-1.631311475409836
2,9.378225806451614,9.602063492063492,-3.087741935483871,-2.654920634920635,63.3016129032258,38.04285714285714,3.1451612903225805,3.4736507936507937
3,10.2165625,12.67016393442623,-1.4603125,0.6819672131147542,112.1765625,82.39999999999999,4.37859375,6.675409836065573
4,18.22453125,18.61439024390244,3.87546875,6.278048780487804,86.4984375,137.06585365853658,11.0509375,12.44609756097561
5,22.09296875,25.8126388300774,8.34078125,12.757694644729204,58.4015625,79.96341748706199,15.2175,19.2851667374033
6,25.932923076923075,29.5023334280482,13.078615384615384,15.857810247469354,82.03076923076924,46.83369874914201,19.506153846153847,22.68007183775877
7,28.914754098360653,29.896102722821933,17.50032786885246,16.98639786217836,132.68196721311477,58.90964413492888,23.20754098360656,23.441250292500147
