Month,2023 TMAX,2024 TMAX,2023 TMIN,2024 TMIN,2023 PRCP,2024 PRCP,2023 TAVG,2024 TAVG
1,12.844835164835164,7.161666666666666,-1.204065934065934,-4.861833333333333,27.32747252747253,52.06166666666666,5.82010989010989,1.1501666666666668
2,13.8,17.150898876404494,-0.6754945054945055,2.2175280898876406,53.53296703296704,33.43033707865169,6.562197802197802,9.684606741573033
3,17.04804347826087,19.556593406593407,3.160543478260869,4.928681318681319,63.75,48.17692307692308,10.104239130434784,12.242637362637362
4,22.241888888888887,23.805833333333336,6.986,10.158333333333331,58.44222222222223,119.925,14.614999999999998,16.980833333333333
5,26.71108695652174,28.453793293241706,14.572934782608696,16.05935569144749,101.9391304347826,117.92104250263418,20.64228260869565,22.2565744923446
6,31.16692307692308,33.87161765354641,18.51021978021978,21.330230272819907,125.7714285714286,57.13527131273332,24.839230769230767,27.60092396318316
7,34.21011111111111,34.58866988123141,21.278666666666663,21.597766947519943,138.9,59.92885878816922,27.744444444444444,28.093218414375677
