Month,2023 TMAX,2024 TMAX,2023 TMIN,2024 TMIN,2023 PRCP,2024 PRCP,2023 TAVG,2024 TAVG
1,7.272222222222222,6.728227848101265,-0.8474444444444444,0.220759493670886,93.47333333333334,248.0987341772152,3.2126666666666663,3.474810126582278
2,7.658295454545454,9.613536585365852,-2.487840909090909,1.4019512195121953,74.87613636363636,130.2060975609756,2.5851136363636367,5.507560975609756
3,8.757303370786516,11.947,-1.080674157303371,1.32225,133.25842696629215,130.25,3.8388764044943824,6.634375
4,13.654347826086957,15.914423076923075,2.467391304347826,3.5896153846153847,128.20217391304348,65.48076923076923,8.061413043478261,9.752307692307692
5,21.49136842105263,20.87025216407064,7.575684210526316,5.144426810104903,29.150526315789477,58.23438932259558,14.533684210526316,13.007339487087776
6,23.90733333333333,26.14769431413699,8.919888888888888,8.377834487839419,16.694444444444443,22.950517654582058,16.41433333333333,17.262764400988207
7,29.42358695652174,31.960050302539468,11.745760869565215,12.173806846277753,1.207608695652174,2.7897342273307792,20.585434782608697,22.06692857440861
