Month,2023 TMAX,2024 TMAX,2023 TMIN,2024 TMIN,2023 PRCP,2024 PRCP,2023 TAVG,2024 TAVG
1,5.698505747126436,2.3304705882352943,-1.2866666666666666,-4.592352941176471,102.85172413793104,146.80235294117648,2.2055172413793103,-1.1308235294117648
2,8.015777777777778,7.546385542168675,-4.190333333333333,-4.0606024096385545,46.67,56.29397590361445,1.9132222222222224,1.74289156626506
3,8.662470588235294,11.364285714285714,-2.4961176470588238,-0.151038961038961,79.49764705882353,99.61168831168833,3.083058823529412,5.606753246753248
4,18.185,16.67322033898305,3.4212222222222226,4.320677966101695,74.63333333333334,165.23728813559322,10.803777777777778,10.497457627118644
5,21.05943820224719,24.6736970988403,5.953483146067416,11.814704126501931,48.38988764044944,95.53564528328522,13.50629213483146,18.244200612671115
6,24.79449438202247,29.400680666021973,11.657303370786517,15.178376458453112,107.76741573033706,65.83214139202147,18.22595505617977,22.289528562237543
7,28.482674418604653,31.099635439652094,16.78697674418605,17.92977492588624,162.09651162790698,62.87606782416593,22.634534883720928,24.51470518276917
