Month,2023 TMAX,2024 TMAX,2023 TMIN,2024 TMIN,2023 PRCP,2024 PRCP,2023 TAVG,2024 TAVG
1,6.993333333333333,4.19,-0.9866666666666668,-3.4333333333333336,181.13333333333333,199.4333333333333,3.0066666666666664,0.38
2,6.806666666666668,5.826666666666667,-4.45,-3.7166666666666672,45.9,67.46666666666665,1.1766666666666667,1.0566666666666666
3,9.433333333333332,10.543333333333337,-1.21,0.79,139.93333333333334,239.8,4.113333333333333,5.666666666666667
4,16.853333333333335,11.99,4.46,4.77,101.2,136.3,10.653333333333334,8.38
5,19.7425,19.977479091995217,7.2275,10.267323775388292,105.95,175.96696666666665,13.485,15.122401433691756
6,22.655,26.24521604938272,13.02,15.028302469135804,100.625,96.82903333333331,17.8375,20.636759259259257
7,27.8575,28.20116487455197,18.83,19.28264635603345,178.775,92.35016666666668,23.3425,23.741905615292712
