Month,2023 TMAX,2024 TMAX,2023 TMIN,2024 TMIN,2023 PRCP,2024 PRCP,2023 TAVG,2024 TAVG
1,-1.745483870967742,-3.660909090909091,-11.497849462365592,-13.758068181818182,21.825806451612905,9.160227272727273,-6.621827956989248,-8.709886363636365
2,0.6140206185567011,6.033260869565218,-12.092474226804123,-5.7239130434782615,17.110309278350517,11.567391304347826,-5.738350515463917,0.1546739130434782
3,0.6812371134020618,8.075161290322582,-10.095979381443298,-5.954193548387097,28.18041237113402,17.31827956989247,-4.707113402061856,1.0603225806451613
4,11.832105263157894,14.545454545454543,-1.9468421052631577,1.271818181818182,33.54105263157895,97.74363636363636,4.943473684210527,7.908545454545455
5,23.51278350515464,22.050591838834624,8.64,6.94349746964348,80.81237113402062,76.83596356801094,16.07721649484536,14.497044654239051
6,27.579574468085102,27.733215994531783,14.075,12.848445904323096,107.77553191489362,106.51925197083618,20.82755319148936,20.29083094942744
7,28.589894736842105,30.82858967245099,14.147052631578948,15.902553237629306,67.70210526315789,39.00271485844736,21.368,23.365571455040147
