Month,2023 TMAX,2024 TMAX,2023 TMIN,2024 TMIN,2023 PRCP,2024 PRCP,2023 TAVG,2024 TAVG
1,15.571060606060607,13.213492063492064,3.1777272727272727,-0.0844444444444444,167.2712121212121,157.24126984126983,9.37439393939394,6.565079365079366
2,19.008059701492535,16.633225806451613,6.173731343283582,2.120322580645161,102.32985074626866,77.26612903225806,12.589701492537314,9.376612903225809
3,19.9909375,20.19322580645161,6.156875,6.406935483870968,95.009375,172.5225806451613,13.07328125,13.29967741935484
4,23.734166666666667,24.423,9.3715,10.14375,146.10666666666663,60.58,16.553,17.282999999999998
5,24.862272727272728,29.020240970588787,13.466666666666669,16.794946418034023,94.75909090909092,87.72825507632233,19.164242424242424,22.90759369431141
6,28.54764705882353,32.70859005412846,17.23220588235294,19.792529804192,151.13235294117646,37.59669197658871,22.89,26.25055992916023
7,32.46784615384615,33.74829607364889,21.335692307692305,22.472311435529,116.89384615384616,140.30688152787243,26.902,28.110303754588944
