Month,2023 TMAX,2024 TMAX,2023 TMIN,2024 TMIN,2023 PRCP,2024 PRCP,2023 TAVG,2024 TAVG
1,12.188021978021975,6.379058823529412,1.0136263736263735,-4.123058823529411,164.76373626373626,169.7129411764706,6.60043956043956,1.1278823529411766
2,14.429347826086955,15.202954545454544,2.749565217391305,1.035681818181818,117.83804347826089,115.96363636363635,8.589239130434782,8.118636363636364
3,16.516555555555556,17.718,3.0332222222222223,4.2638823529411765,142.61,114.94,9.774555555555557,10.990470588235295
4,21.03172413793104,21.54366666666667,7.044827586206896,8.9785,100.44252873563218,108.29666666666668,14.039540229885056,15.262
5,24.61125,27.36037077531689,12.35,16.062155208277968,107.25454545454544,110.93750254787166,18.481136363636363,21.711262991797422
6,28.101190476190474,31.30250381846873,15.469166666666668,18.99125558002751,101.1297619047619,35.70985942128047,21.78607142857143,25.14687969924812
7,30.56906976744186,32.19316233042868,19.252093023255814,21.26401148344414,160.96162790697676,58.996077572161234,24.9096511627907,26.728586906936407
