Month,2023 TMAX,2024 TMAX,2023 TMIN,2024 TMIN,2023 PRCP,2024 PRCP,2023 TAVG,2024 TAVG
1,17.992571428571427,13.047904761904762,3.3604285714285718,-0.2274761904761904,40.14238095238096,89.70761904761905,10.676571428571428,6.409809523809524
2,17.715529953917052,20.205291262135923,3.746820276497696,5.802864077669903,38.08341013824885,39.872330097087385,10.731336405529952,13.004077669902914
3,22.554863636363635,21.962068965517243,8.363227272727274,8.465369458128079,37.95818181818181,54.09605911330049,15.458954545454544,15.213743842364533
4,24.92559633027523,26.22271523178808,10.737018348623854,12.656225165562914,77.32798165137615,78.45894039735099,17.832339449541283,19.43980132450331
5,29.193696682464456,31.75764550070828,16.699289099526066,20.380893959662803,116.66682464454976,119.15992711496064,22.946635071090046,26.06926973018554
6,34.25442396313364,34.82901670594693,20.9363133640553,23.443040075020644,62.973732718894006,72.96257078757192,27.59626728110599,29.136028390483784
7,36.61615740740741,34.59362060288435,23.113148148148145,23.321764036492247,40.520370370370365,83.86627459647076,29.86472222222222,28.95769231968829
