Month,2023 TMAX,2024 TMAX,2023 TMIN,2024 TMIN,2023 PRCP,2024 PRCP,2023 TAVG,2024 TAVG
1,1.4481,4.479903846153846,-7.948300000000001,-6.584807692307693,81.391,37.01153846153846,-3.2503,-1.0527884615384615
2,2.223333333333333,7.3922,-10.516857142857145,-4.2218,30.712380952380958,54.103,-4.146761904761904,1.5857
3,5.649313725490196,10.60091836734694,-5.399117647058824,-2.126122448979592,83.00392156862745,52.11122448979592,0.1255882352941176,4.237959183673469
4,14.472079207920792,17.193846153846156,-1.0048514851485149,2.0736538461538463,25.03960396039604,26.55192307692308,6.734059405940594,9.634615384615383
5,22.757326732673267,23.32150157727053,6.703168316831683,5.234296463979542,20.3,14.27933259373925,14.72990099009901,14.27789902062504
6,25.69617647058824,33.3862102014295,9.371764705882352,14.020991444661036,23.507843137254905,5.325310526315789,17.534607843137255,23.703600823045267
7,33.76864077669903,35.9234692122463,15.302912621359225,16.498541864711676,8.977669902912622,4.048547678018576,24.53582524271845,26.21100553847899
