Month,2023 TMAX,2024 TMAX,2023 TMIN,2024 TMIN,2023 PRCP,2024 PRCP,2023 TAVG,2024 TAVG
1,0.7918181818181819,-1.4752631578947368,-6.442272727272727,-8.762631578947369,106.7590909090909,105.33684210526316,-2.825454545454545,-5.118947368421053
2,0.5742857142857143,2.427777777777778,-12.251904761904765,-9.245,43.81428571428572,20.70555555555556,-5.838571428571429,-3.408888888888889
3,4.051578947368421,5.65,-6.08578947368421,-4.525555555555555,88.48421052631579,153.93333333333334,-1.0184210526315791,0.5633333333333334
4,13.675,11.953333333333331,0.5,-0.3166666666666666,95.62222222222222,89.82222222222222,7.088333333333334,5.819444444444445
5,19.111,22.899622957687477,3.8115,9.251888961297563,70.72,69.86569632034632,11.4615,16.07575595949252
6,22.874,26.89386537330982,11.409,12.610870076425632,152.78,118.3446476190476,17.1415,19.752367724867725
7,27.13428571428572,29.230050634351716,15.634285714285712,16.149054872845195,276.45238095238096,162.98585317460316,21.38523809523809,22.689552753598456
