Month,2023 TMAX,2024 TMAX,2023 TMIN,2024 TMIN,2023 PRCP,2024 PRCP,2023 TAVG,2024 TAVG
1,11.051780821917808,7.732399999999999,0.1576712328767123,-3.1816,77.17671232876712,144.79466666666667,5.605068493150685,2.275333333333333
2,13.740972222222222,12.206027397260272,1.2120833333333332,-0.9505479452054796,85.64861111111111,66.70821917808219,7.476388888888888,5.626712328767123
3,15.002162162162165,16.29605263157895,1.1714864864864865,2.7576315789473687,47.70810810810811,121.9592105263158,8.086621621621621,9.527236842105264
4,21.57375,20.82583333333333,6.063194444444445,7.239791666666666,116.24444444444444,62.02916666666667,13.818472222222224,14.0325
5,22.33866666666667,26.317619708185784,9.930933333333334,14.058726966047624,86.06,117.60110510872012,16.135066666666667,20.1881733371167
6,25.97287671232877,31.2108931893256,13.492602739726028,17.008145897664104,108.12876712328767,38.63432603651077,19.73356164383561,24.109519543494848
7,30.38138888888889,32.03248456623332,18.647222222222226,20.4868597615063,117.05277777777776,139.10227085893723,24.51388888888889,26.25967216386981
