Month,2023 TMAX,2024 TMAX,2023 TMIN,2024 TMIN,2023 PRCP,2024 PRCP,2023 TAVG,2024 TAVG
1,5.199705882352941,3.06328125,-1.1186764705882353,-2.7390625,112.00147058823528,188.2671875,2.040294117647059,0.16265625
2,5.601666666666667,7.74828125,-2.6596969696969697,0.3307812499999999,93.06363636363636,99.8921875,1.4706060606060607,4.0396875
3,9.134307692307692,11.6540625,-1.2321538461538462,0.3601562499999999,80.73538461538462,81.9140625,3.951076923076923,6.00703125
4,13.16640625,15.574871794871791,2.1353125,2.616923076923077,116.4703125,57.169230769230765,7.6521875,9.096153846153848
5,23.060441176470587,20.009036366421768,8.806176470588236,6.290221815462336,29.40147058823529,39.99424384589648,15.933676470588235,13.14962909094205
6,24.28686567164179,23.83838584936108,9.808059701492535,9.026568608009097,22.289552238805967,34.989505314328845,17.047761194029853,16.43247722868509
7,29.055820895522388,30.208438438302117,12.09955223880597,13.431037043174596,8.653731343283582,6.433969596390648,20.57716417910448,21.81973774073836
