Month,2023 TMAX,2024 TMAX,2023 TMIN,2024 TMIN,2023 PRCP,2024 PRCP,2023 TAVG,2024 TAVG
1,8.145217391304348,4.03531914893617,-1.3697826086956522,-4.919148936170212,92.15652173913044,122.3,3.388695652173913,-0.4419148936170212
2,11.102244897959183,10.925833333333337,-1.7383673469387757,-2.5341666666666667,90.28367346938776,93.925,4.681836734693878,4.195416666666667
3,12.31156862745098,14.759607843137257,-1.3243137254901962,0.5737254901960784,69.59607843137255,87.22745098039216,5.494509803921568,7.666274509803922
4,20.20925925925926,19.50846153846154,3.515555555555556,5.703589743589744,80.05740740740741,116.0846153846154,11.863518518518518,12.606666666666667
5,21.47163265306122,25.61650374714891,7.844285714285714,12.524725752145107,103.13469387755104,120.71696363636364,14.658163265306122,19.070614749647007
6,25.023076923076925,29.694854096520764,11.80076923076923,14.986837822671156,78.28846153846153,62.397793939393935,18.4125,22.34084595959596
7,28.933461538461536,31.78298034104486,16.952692307692306,17.5903633105246,147.7153846153846,65.33534242424243,22.94326923076923,24.686671825784728
