Month,2023 TMAX,2024 TMAX,2023 TMIN,2024 TMIN,2023 PRCP,2024 PRCP,2023 TAVG,2024 TAVG
1,-1.151578947368421,-3.072835820895522,-7.231428571428571,-8.580223880597014,45.59849624060151,42.39402985074627,-4.190977443609023,-5.82634328358209
2,0.2211510791366906,5.788489208633094,-10.717194244604316,-5.961582733812949,69.91151079136691,12.77841726618705,-5.247625899280576,-0.0864028776978417
3,3.803453237410072,8.105413533834586,-6.348705035971223,-3.549924812030075,66.7798561151079,76.28345864661655,-1.272589928057554,2.27796992481203
4,12.909925373134328,13.476666666666668,1.1788805970149254,2.2133333333333334,96.50074626865673,99.49369369369369,7.044626865671642,7.845225225225225
5,20.49583941605839,21.965774415338743,7.029197080291971,8.467515971307824,41.04817518248176,123.17718481897154,13.76248175182482,15.216645193323286
6,26.05936170212766,25.528005060061364,12.431560283687942,13.94818989856727,48.96382978723404,144.85812602669748,19.24588652482269,19.73809747931432
7,27.2631654676259,27.139837169566032,14.446906474820144,15.275657714886249,101.09424460431654,99.4420341008904,20.85539568345324,21.20774744222614
