Month,2023 TMAX,2024 TMAX,2023 TMIN,2024 TMIN,2023 PRCP,2024 PRCP,2023 TAVG,2024 TAVG
1,-1.5984782608695651,-0.0440697674418604,-12.856630434782607,-14.119302325581396,31.12608695652174,13.819767441860463,-7.227499999999999,-7.081511627906977
2,-0.3353333333333333,4.510361445783133,-14.670555555555554,-8.321084337349397,21.427777777777777,25.440963855421685,-7.502777777777778,-1.9049397590361443
3,2.295777777777778,7.894390243902439,-11.018333333333333,-6.371341463414635,22.546666666666667,25.148780487804878,-4.361222222222223,0.7617073170731707
4,10.275,13.463513513513512,-4.10860465116279,-1.8467567567567569,28.92790697674419,31.25135135135135,3.083255813953488,5.808648648648648
5,20.486521739130435,18.20004945675212,4.609782608695652,1.2958106234757027,45.34782608695652,33.984982178781415,12.547826086956524,9.74793004011391
6,22.206162790697675,28.24367091950959,8.19093023255814,8.374956399115348,89.71279069767442,12.36609606719898,15.1996511627907,18.30931365931247
7,29.031529411764705,30.99618895836124,10.614117647058825,10.584954127095804,28.29647058823529,13.794287647977578,19.822823529411764,20.79057154272852
